CustomerID,FirstName,LastName,DateOfBirth,ContactNumber,Email,Address
79774,Carrie,Vega,1997-10-05,478-857-6485x841,christopherjohnson@example.net,"6468 Joseph Green Apt. 797
Port Davidstad, CO 06022"
176008,Matthew,Bowen,2002-11-17,298-841-0290,amber51@example.org,"1725 Jones Causeway Suite 202
Jeremychester, KY 58165"
176515,Regina,Mosley,1937-06-07,442-814-5268,amartinez@example.org,"88933 Mendoza Run Apt. 494
Andersonfort, ID 01195"
736370,Brian,Adams,1998-01-23,925.871.4928x473,eolsen@example.net,"6172 Wright Walk Suite 426
Clarkberg, KY 06157"
423398,Jeffrey,Diaz,2002-10-01,(260)443-0025x1655,johnsonjoshua@example.net,"225 Christopher Shoal
Lake Matthewfort, AS 92138"
304240,Timothy,Brooks,1929-11-08,(311)238-8920x1937,laneterri@example.org,"591 Clark Hollow
Lake Katherinehaven, GA 33213"
681604,Joseph,Dudley,1951-03-16,893-312-6150,aaron13@example.net,"Unit 4565 Box 6901
DPO AA 39753"
900760,Christopher,Clark,1968-05-25,+1-315-807-5743x436,geoffrey15@example.com,"31932 Summers Mountains Suite 758
Port Michaelfort, VI 84323"
864472,Dennis,Rodriguez,1940-10-13,+1-819-405-3519x2538,bradley80@example.com,"43778 Pratt Ranch Suite 534
Jasmineberg, VI 22323"
895380,Cheryl,Irwin,2005-03-15,001-456-926-0484x79131,gravesanthony@example.org,"98866 Turner Mission Apt. 191
Shawnchester, RI 63791"
903331,Jeffrey,Larson,1972-04-07,(852)983-6718,swalsh@example.org,"Unit 4470 Box 5441
DPO AA 23429"
873739,Christopher,Hernandez,1978-08-07,8573018300,mike97@example.org,"8572 Colton Mount
New Ashley, VT 62564"
800669,Carlos,Dixon,1998-11-24,001-494-552-8812,joshua25@example.org,"459 Anthony Creek
Angelafort, TN 24124"
428692,Dana,Wood,1936-07-09,937-596-8223x33623,rodriguezcristina@example.com,"USNV Hill
FPO AE 64264"
40504,Emily,Garcia,1980-12-06,+1-371-695-3582x2544,ithomas@example.net,"51807 Mcfarland Stravenue Suite 736
South Sarah, MA 97031"
670177,Michelle,Bullock,1967-04-10,(625)643-8309x11023,pbarrett@example.org,"95374 Dustin Plaza
South Sarah, WI 77508"
658992,Stacey,Smith,1929-05-30,+1-291-222-5211x316,randall08@example.com,"236 Destiny Villages Suite 020
Michaelfurt, IA 48746"
774058,Brittany,Reed,1931-05-23,001-738-280-1311,elizabeth31@example.org,"086 John Row
Clarkehaven, MN 81507"
875884,Jennifer,Smith,1934-03-28,(352)742-0898,elopez@example.net,"38145 Floyd Pass
East Jessica, ID 77902"
240271,Richard,Bartlett,1966-08-08,666-780-6942x46266,petersenchristopher@example.com,"51348 Tara Islands
Port Williammouth, MN 61809"
72153,Dana,Gordon,1958-11-19,304.793.1422,kennedyjessica@example.net,"47024 Robert Summit Apt. 372
North John, ME 70911"
191988,Mary,Morris,1965-01-27,392-419-4789x541,gallen@example.org,"74397 Jennifer Mews Suite 575
Lake Toddtown, NV 25479"
615620,Amy,Hall,2005-10-21,(546)222-9060,mgonzalez@example.net,"909 Kenneth Ports
New Damon, CT 54560"
830972,Barbara,Thompson,1925-12-30,462.896.6706x025,bowenbenjamin@example.org,"310 Robinson Lodge
New Jessica, NY 16246"
842930,Sarah,Foster,1934-10-07,203-577-1030,ericasilva@example.com,"16062 James Isle Suite 816
Warrenchester, NH 45313"
784803,Robert,Bell,1990-02-10,001-863-676-4789x0483,jacksonnicole@example.org,"32738 Audrey Loop Suite 601
Port Carrie, DC 51635"
163534,Edward,Alexander,1935-09-29,+1-302-891-9765x630,sramirez@example.net,"03645 Lisa Ranch
North Kimberly, SD 94055"
548799,Makayla,Miller,1970-04-25,(681)644-1305,zfrost@example.com,"5634 Frazier Dale
Sandovalhaven, MI 97140"
593897,Thomas,Ramirez,1926-11-19,001-343-769-1235x638,richard68@example.net,"335 Ashley Trafficway
Williamshaven, LA 46584"
538351,Joseph,Cisneros,1960-02-19,983-611-9117x49115,ygriffith@example.org,"660 Keith Via
Port Ronald, VI 88995"
